{"display":{"gui":{"rotation":[30,34,0],"translation":[0.5,1.25,0],"scale":[0.77,0.83,1]},"head":{"translation":[0,-31.5,0],"scale":[3,3,3]}},"texture_size":[64,64],"textures":{"0":"models/jw/piano/piano","2":"models/jw/piano/electricpiano","particle":"models/jw/piano/piano"},"elements":[{"from":[0,0.25,10],"to":[1,8,11],"faces":{"north":{"uv":[2.83333,1.83333,16,4.83333],"rotation":90,"texture":"#0","tintindex":0},"east":{"uv":[2.83333,1.83333,16,4.83333],"rotation":90,"texture":"#0","tintindex":0},"south":{"uv":[2.83333,1.83333,16,4.83333],"rotation":90,"texture":"#0","tintindex":0},"west":{"uv":[2.83333,1.83333,16,4.83333],"rotation":90,"texture":"#0","tintindex":0},"up":{"uv":[7.83333,1.83333,10.83333,8.5],"rotation":180,"texture":"#0","tintindex":0},"down":{"uv":[7.83333,1.83333,10.83333,8.5],"rotation":180,"texture":"#0","tintindex":0}}},{"from":[15,0.25,4],"to":[16,8,5],"faces":{"north":{"uv":[2.83333,1.83333,16,4.83333],"rotation":90,"texture":"#0","tintindex":0},"east":{"uv":[2.83333,1.83333,16,4.83333],"rotation":90,"texture":"#0","tintindex":0},"south":{"uv":[2.83333,1.83333,16,4.83333],"rotation":90,"texture":"#0","tintindex":0},"west":{"uv":[2.83333,1.83333,16,4.83333],"rotation":90,"texture":"#0","tintindex":0},"up":{"uv":[7.83333,1.83333,10.83333,8.5],"rotation":180,"texture":"#0","tintindex":0},"down":{"uv":[7.83333,1.83333,10.83333,8.5],"rotation":180,"texture":"#0","tintindex":0}}},{"from":[15,0.25,10],"to":[16,8,11],"faces":{"north":{"uv":[2.83333,1.83333,16,4.83333],"rotation":90,"texture":"#0","tintindex":0},"east":{"uv":[2.83333,1.83333,16,4.83333],"rotation":90,"texture":"#0","tintindex":0},"south":{"uv":[2.83333,1.83333,16,4.83333],"rotation":90,"texture":"#0","tintindex":0},"west":{"uv":[2.83333,1.83333,16,4.83333],"rotation":90,"texture":"#0","tintindex":0},"up":{"uv":[7.83333,1.83333,10.83333,8.5],"rotation":180,"texture":"#0","tintindex":0},"down":{"uv":[7.83333,1.83333,10.83333,8.5],"rotation":180,"texture":"#0","tintindex":0}}},{"from":[0,0.25,4],"to":[1,8,5],"faces":{"north":{"uv":[2.83333,1.83333,16,4.83333],"rotation":90,"texture":"#0","tintindex":0},"east":{"uv":[2.83333,1.83333,16,4.83333],"rotation":90,"texture":"#0","tintindex":0},"south":{"uv":[2.83333,1.83333,16,4.83333],"rotation":90,"texture":"#0","tintindex":0},"west":{"uv":[2.83333,1.83333,16,4.83333],"rotation":90,"texture":"#0","tintindex":0},"up":{"uv":[7.83333,1.83333,10.83333,8.5],"rotation":180,"texture":"#0","tintindex":0},"down":{"uv":[7.83333,1.83333,10.83333,8.5],"rotation":180,"texture":"#0","tintindex":0}}},{"from":[15.25,0,10.25],"to":[15.75,0.5,10.75],"faces":{"north":{"uv":[0,0,0.125,0.125],"texture":"#2","tintindex":0},"east":{"uv":[0,0,0.125,0.125],"texture":"#2","tintindex":0},"south":{"uv":[0,0,0.125,0.125],"texture":"#2","tintindex":0},"west":{"uv":[0,0,0.125,0.125],"texture":"#2","tintindex":0},"up":{"uv":[0,0,0.125,0.125],"texture":"#2","tintindex":0},"down":{"uv":[0,0,0.125,0.125],"texture":"#2","tintindex":0}}},{"from":[15.25,0,4.25],"to":[15.75,0.5,4.75],"faces":{"north":{"uv":[0,0,0.125,0.125],"texture":"#2","tintindex":0},"east":{"uv":[0,0,0.125,0.125],"texture":"#2","tintindex":0},"south":{"uv":[0,0,0.125,0.125],"texture":"#2","tintindex":0},"west":{"uv":[0,0,0.125,0.125],"texture":"#2","tintindex":0},"up":{"uv":[0,0,0.125,0.125],"texture":"#2","tintindex":0},"down":{"uv":[0,0,0.125,0.125],"texture":"#2","tintindex":0}}},{"from":[0.25,0,10.25],"to":[0.75,0.5,10.75],"faces":{"north":{"uv":[0,0,0.125,0.125],"texture":"#2","tintindex":0},"east":{"uv":[0,0,0.125,0.125],"texture":"#2","tintindex":0},"south":{"uv":[0,0,0.125,0.125],"texture":"#2","tintindex":0},"west":{"uv":[0,0,0.125,0.125],"texture":"#2","tintindex":0},"up":{"uv":[0,0,0.125,0.125],"texture":"#2","tintindex":0},"down":{"uv":[0,0,0.125,0.125],"texture":"#2","tintindex":0}}},{"from":[0.25,0,4.25],"to":[0.75,0.5,4.75],"faces":{"north":{"uv":[0,0,0.125,0.125],"texture":"#2","tintindex":0},"east":{"uv":[0,0,0.125,0.125],"texture":"#2","tintindex":0},"south":{"uv":[0,0,0.125,0.125],"texture":"#2","tintindex":0},"west":{"uv":[0,0,0.125,0.125],"texture":"#2","tintindex":0},"up":{"uv":[0,0,0.125,0.125],"texture":"#2","tintindex":0},"down":{"uv":[0,0,0.125,0.125],"texture":"#2","tintindex":0}}},{"from":[0.25,6.25,4.25],"to":[15.75,8,10.75],"faces":{"north":{"uv":[1.83333,7.33333,14.5,11.41667],"texture":"#0","tintindex":0},"east":{"uv":[4.33333,9.66667,6,11.41667],"texture":"#0","tintindex":0},"south":{"uv":[1.83333,7.33333,14.5,11.41667],"texture":"#0","tintindex":0},"west":{"uv":[4.33333,9.33333,4.33333,11.08333],"texture":"#0","tintindex":0},"up":{"uv":[0,0,15.5,6.5],"texture":"#0","tintindex":0},"down":{"uv":[0.33333,0,16,6.5],"texture":"#0","tintindex":0}}},{"from":[-0.25,7.5,3.75],"to":[16.25,9.25,11.25],"faces":{"north":{"uv":[5.16667,7.5,10.91667,8.83333],"texture":"#0","tintindex":0},"east":{"uv":[4.25,0.5,6.25,1],"texture":"#0","tintindex":0},"south":{"uv":[5.41667,7.5,10.83333,8.83333],"texture":"#0","tintindex":0},"west":{"uv":[4.25,1,6.25,1.5],"texture":"#0","tintindex":0},"up":{"uv":[4.25,2,0,0],"texture":"#0","tintindex":0},"down":{"uv":[4.25,2,0,4],"texture":"#0","tintindex":0}}},{"from":[-0.25,10.25,3.5],"to":[16.25,10.5,11.25],"faces":{"north":{"uv":[0,0,4.125,0.0625],"texture":"#2","tintindex":0},"east":{"uv":[0,0,1.9375,0.0625],"texture":"#2","tintindex":0},"south":{"uv":[0,0,4.125,0.0625],"texture":"#2","tintindex":0},"west":{"uv":[0,0,1.9375,0.0625],"texture":"#2","tintindex":0},"up":{"uv":[12.0625,0,16,9.125],"rotation":270,"texture":"#2","tintindex":0},"down":{"uv":[0,0,4.125,1.9375],"texture":"#2","tintindex":0}}},{"from":[-0.5,9.25,3.25],"to":[16.5,10.25,11.5],"faces":{"north":{"uv":[0,0,1,16],"rotation":90,"texture":"#2","tintindex":0},"east":{"uv":[0,0,1,15.75],"rotation":90,"texture":"#2","tintindex":0},"south":{"uv":[0,0,1,16],"rotation":90,"texture":"#2","tintindex":0},"west":{"uv":[0,0,1,16],"rotation":90,"texture":"#2","tintindex":0},"up":{"uv":[0,4,2,11.75],"texture":"#2","tintindex":0},"down":{"uv":[0,0,16,8.25],"texture":"#2","tintindex":0}}}]}